{
    "adaptive_bed_mesh_margin": "0",
    "auxiliary_fan": "0",
    "bbl_use_printhost": "0",
    "bed_custom_model": "",
    "bed_custom_texture": "C:\\\\Users\\\\cdvst\\\\OneDrive\\\\Bilder\\\\BG\\\\wp8609544.png",
    "bed_exclude_area": [
        "0x0"
    ],
    "bed_mesh_max": "99999,99999",
    "bed_mesh_min": "-99999,-99999",
    "bed_mesh_probe_distance": "50,50",
    "before_layer_change_gcode": ";BEFORE_LAYER_CHANGE\n;[layer_z]",
    "best_object_pos": "0.5,0.5",
    "change_extrusion_role_gcode": "",
    "change_filament_gcode": "M600",
    "cooling_tube_length": "5",
    "cooling_tube_retraction": "91.5",
    "default_filament_profile": [
        "Anycubic Generic PLA"
    ],
    "default_print_profile": "0.20mm Standard @Anycubic Vyper",
    "deretraction_speed": [
        "40"
    ],
    "disable_m73": "0",
    "emit_machine_limits_to_gcode": "0",
    "enable_filament_ramming": "1",
    "enable_long_retraction_when_cut": "0",
    "extra_loading_move": "-2",
    "extruder_clearance_height_to_lid": "140",
    "extruder_clearance_height_to_rod": "36",
    "extruder_clearance_radius": "65",
    "extruder_colour": [
        "#018001"
    ],
    "extruder_offset": [
        "0x0"
    ],
    "fan_kickstart": "0",
    "fan_speedup_overhangs": "1",
    "fan_speedup_time": "0",
    "from": "User",
    "gcode_flavor": "klipper",
    "head_wrap_detect_zone": [],
    "high_current_on_filament_swap": "0",
    "host_type": "octoprint",
    "inherits": "Anycubic Vyper 0.4 nozzle",
    "is_custom_defined": "0",
    "layer_change_gcode": ";AFTER_LAYER_CHANGE\n;[layer_z]",
    "long_retractions_when_cut": [
        "0"
    ],
    "machine_end_gcode": "G4 ; wait\nG92 E0\nG1{if max_layer_z < printable_height} Z{z_offset+min(max_layer_z+30, printable_height)}{endif} ; move print head up\nM104 S0 ; turn off temperature\nM140 S0 ; turn off heatbed\nM107 ; turn off fan\nG1 X0 Y200 F3000 ; home X axis\nM84 ; disable motors",
    "machine_load_filament_time": "0",
    "machine_max_acceleration_e": [
        "5000",
        "5000"
    ],
    "machine_max_acceleration_extruding": [
        "1250",
        "1250"
    ],
    "machine_max_acceleration_retracting": [
        "1250",
        "1250"
    ],
    "machine_max_acceleration_travel": [
        "1000",
        "1000"
    ],
    "machine_max_acceleration_x": [
        "1000",
        "1000"
    ],
    "machine_max_acceleration_y": [
        "1000",
        "1000"
    ],
    "machine_max_acceleration_z": [
        "200",
        "200"
    ],
    "machine_max_jerk_e": [
        "5",
        "5"
    ],
    "machine_max_jerk_x": [
        "8",
        "8"
    ],
    "machine_max_jerk_y": [
        "8",
        "8"
    ],
    "machine_max_jerk_z": [
        "0.4",
        "0.4"
    ],
    "machine_max_speed_e": [
        "60",
        "60"
    ],
    "machine_max_speed_x": [
        "200",
        "200"
    ],
    "machine_max_speed_y": [
        "200",
        "200"
    ],
    "machine_max_speed_z": [
        "10",
        "10"
    ],
    "machine_min_extruding_rate": [
        "0",
        "0"
    ],
    "machine_min_travel_rate": [
        "0",
        "0"
    ],
    "machine_pause_gcode": "M601",
    "machine_start_gcode": "G21 ;metric values\nG90 ;absolute positioning\nM82 ;set extruder to absolute mode\nM107 ;start with the fan off\nG28 X0 Y0 ;move X/Y to min endstops\nG28 Z0 ;move Z to min endstops\nG0 Z0.2 F1800 ; move nozzle to print position\nG92 E0 ; specify current extruder position as zero\nG1 Y10 X180 E50 F1200 ; extrude a line in front of the printer\nG92 E0 ; specify current extruder position as zero\nG0 Z20 F6000 ; move head up\nG1 E-7 F2400 ; retract\nG04 S2 ; wait 2s\nG0 X0 F6000 ; wipe from oozed filament\nG1 E-1 F2400 ; undo some of the retraction to avoid oozing\nG1 F6000 ; set travel speed to move to start printing point\nM117",
    "machine_unload_filament_time": "0",
    "manual_filament_change": "0",
    "max_layer_height": [
        "0.32"
    ],
    "min_layer_height": [
        "0.08"
    ],
    "name": "Anycubic Vyper 0.4 nozzle - Kopieren",
    "nozzle_diameter": [
        "0.4"
    ],
    "nozzle_height": "4",
    "nozzle_hrc": "0",
    "nozzle_type": "undefine",
    "nozzle_volume": "0",
    "parking_pos_retraction": "92",
    "preferred_orientation": "0",
    "printable_area": [
        "0x0",
        "250x0",
        "250x250",
        "0x250"
    ],
    "printable_height": "250",
    "printer_model": "Anycubic Vyper",
    "printer_notes": "",
    "printer_settings_id": "Anycubic Vyper 0.4 nozzle - Kopieren",
    "printer_structure": "undefine",
    "printer_technology": "FFF",
    "printer_variant": "0.4",
    "printhost_authorization_type": "key",
    "printhost_ssl_ignore_revoke": "0",
    "printing_by_object_gcode": "",
    "purge_in_prime_tower": "1",
    "retract_before_wipe": [
        "0%"
    ],
    "retract_length_toolchange": [
        "10"
    ],
    "retract_lift_above": [
        "0"
    ],
    "retract_lift_below": [
        "0"
    ],
    "retract_lift_enforce": [
        "All Surfaces"
    ],
    "retract_restart_extra": [
        "0"
    ],
    "retract_restart_extra_toolchange": [
        "0"
    ],
    "retract_when_changing_layer": [
        "0"
    ],
    "retraction_distances_when_cut": [
        "18"
    ],
    "retraction_length": [
        "3"
    ],
    "retraction_minimum_travel": [
        "1.5"
    ],
    "retraction_speed": [
        "40"
    ],
    "scan_first_layer": "0",
    "silent_mode": "0",
    "single_extruder_multi_material": "1",
    "support_air_filtration": "1",
    "support_chamber_temp_control": "1",
    "support_multi_bed_types": "0",
    "template_custom_gcode": "",
    "thumbnails": "48x48/PNG,300x300/PNG",
    "thumbnails_format": "PNG",
    "time_cost": "0",
    "time_lapse_gcode": "",
    "upward_compatible_machine": [],
    "use_firmware_retraction": "0",
    "use_relative_e_distances": "1",
    "version": "1.9.0.2",
    "wipe": [
        "1"
    ],
    "wipe_distance": [
        "1"
    ],
    "z_hop": [
        "0.4"
    ],
    "z_hop_types": [
        "Normal Lift"
    ],
    "z_offset": "0"
}
