{
    "adaptive_bed_mesh_margin": "0",
    "auxiliary_fan": "0",
    "bbl_use_printhost": "0",
    "bed_custom_model": "C:\\\\Users\\\\cdvst\\\\Downloads\\\\VyperPrintBed.stl",
    "bed_custom_texture": "C:\\\\Users\\\\cdvst\\\\OneDrive\\\\3D_Modelle\\\\Anycubic-Vyper-Bed-Texture-600x500.png",
    "bed_exclude_area": [
        "0x0"
    ],
    "bed_mesh_max": "239,239",
    "bed_mesh_min": "10,13",
    "bed_mesh_probe_distance": "10,10",
    "before_layer_change_gcode": ";BEFORE_LAYER_CHANGE\n;[layer_z]\nG92 E0\n",
    "best_object_pos": "0.5,0.5",
    "change_extrusion_role_gcode": "",
    "change_filament_gcode": "",
    "cooling_tube_length": "5",
    "cooling_tube_retraction": "91.5",
    "default_filament_profile": [
        "Creality Generic PLA"
    ],
    "default_print_profile": "0.20mm Standard @Creality Ender3V2",
    "deretraction_speed": [
        "40"
    ],
    "disable_m73": "0",
    "emit_machine_limits_to_gcode": "1",
    "enable_filament_ramming": "1",
    "enable_long_retraction_when_cut": "0",
    "extra_loading_move": "-2",
    "extruder_clearance_height_to_lid": "34",
    "extruder_clearance_height_to_rod": "34",
    "extruder_clearance_radius": "55",
    "extruder_colour": [
        "#FCE94F"
    ],
    "extruder_offset": [
        "0x0"
    ],
    "fan_kickstart": "0",
    "fan_speedup_overhangs": "1",
    "fan_speedup_time": "0",
    "from": "User",
    "gcode_flavor": "klipper",
    "head_wrap_detect_zone": [],
    "high_current_on_filament_swap": "1",
    "host_type": "octoprint",
    "inherits": "Creality Ender-3 V2 0.4 nozzle",
    "is_custom_defined": "0",
    "layer_change_gcode": "; Layer-Change\nG92 E0 ; Setzt den Extruder zurück\nG1 E-1.0 F3000 ; Retract\nG92 E0 ; Setzt den Extruder zurück\n\nG1 X0.1 Y20 F3000 ; Bewegt sich zum nächsten Startpunkt\nG1 F1500\nG1 E1.0 ; Prime\nG92 E0 ; Setzt den Extruder zurück\n",
    "long_retractions_when_cut": [
        "0"
    ],
    "machine_end_gcode": "M104 S0 ; Schaltet den Extruder-Heizer ab\nM140 S0 ; Schaltet das Bett-Heizer ab\nG91 ; Wechselt zu relativen Positionen\nG1 E-1 F300 ; Führt einen kleinen Retract durch\nG1 Z+0.5 E-5 X-20 Y-20 F{travel_speed} ; Zieht Filament zurück und hebt den Kopf an\nG28 X0 ; Fährt X nach Home\nM84 ; Schaltet die Motoren aus\n\nM117 Print End\nEND_PRINT",
    "machine_load_filament_time": "0",
    "machine_max_acceleration_e": [
        "1500",
        "5000"
    ],
    "machine_max_acceleration_extruding": [
        "1500",
        "500"
    ],
    "machine_max_acceleration_retracting": [
        "1500",
        "1000"
    ],
    "machine_max_acceleration_travel": [
        "500",
        "500"
    ],
    "machine_max_acceleration_x": [
        "1500",
        "500"
    ],
    "machine_max_acceleration_y": [
        "1500",
        "500"
    ],
    "machine_max_acceleration_z": [
        "500",
        "500"
    ],
    "machine_max_jerk_e": [
        "5",
        "5"
    ],
    "machine_max_jerk_x": [
        "5",
        "8"
    ],
    "machine_max_jerk_y": [
        "5",
        "8"
    ],
    "machine_max_jerk_z": [
        "0.4",
        "0.4"
    ],
    "machine_max_speed_e": [
        "60",
        "60"
    ],
    "machine_max_speed_x": [
        "200",
        "500"
    ],
    "machine_max_speed_y": [
        "200",
        "500"
    ],
    "machine_max_speed_z": [
        "5",
        "10"
    ],
    "machine_min_extruding_rate": [
        "0",
        "0"
    ],
    "machine_min_travel_rate": [
        "0",
        "0"
    ],
    "machine_pause_gcode": "M25 ;pause print",
    "machine_start_gcode": "ADAPTIVE_START_PRINT EXTRUDER=[nozzle_temperature_initial_layer] BED=[hot_plate_temp_initial_layer] MATERIAL=[filament_type]MARGIN=0\n; Always pass `ADAPTIVE_MARGIN=0` because Orca has already handled `adaptive_bed_mesh_margin` internally\nBED_MESH_CALIBRATE mesh_min={adaptive_bed_mesh_min[0]},{adaptive_bed_mesh_min[1]} mesh_max={adaptive_bed_mesh_max[0]},{adaptive_bed_mesh_max[1]} ALGORITHM=[bed_mesh_algo] PROBE_COUNT={bed_mesh_probe_count[0]},{bed_mesh_probe_count[1]} ADAPTIVE=1 \nG28 ; Home alle Achsen\nG29 ; Führt das adaptive Bed Leveling aus\nM140 S[first_layer_bed_temperature] ; Setzt die Bett-Temperatur\nM104 S[first_layer_temperature] ; Setzt die Extruder-Temperatur\nM109 S[first_layer_temperature] ; Wartet, bis die Extruder-Temperatur erreicht ist\nM190 S[first_layer_bed_temperature] ; Wartet, bis die Bett-Temperatur erreicht ist\nG92 E0 ; Setzt den Extruder auf 0\nG1 Z0.2 F3000 ; Bewegt den Nozzle langsam nach unten\nG1 X0.1 Y20 Z0.3 F5000.0 ; Bewegt zum Startpunkt\nG1 X0.1 Y200.0 Z0.3 F1500.0 E15 ; Extrudiert Filament für den Prime-Strich\nG92 E0 ; Setzt den Extruder zurück\n",
    "machine_unload_filament_time": "0",
    "manual_filament_change": "1",
    "max_layer_height": [
        "0.32"
    ],
    "min_layer_height": [
        "0.12"
    ],
    "name": "Vyper_V1",
    "nozzle_diameter": [
        "0.4"
    ],
    "nozzle_height": "4",
    "nozzle_hrc": "0",
    "nozzle_type": "brass",
    "nozzle_volume": "0",
    "parking_pos_retraction": "92",
    "preferred_orientation": "25",
    "printable_area": [
        "0x0",
        "250x0",
        "250x255",
        "0x255"
    ],
    "printable_height": "235",
    "printer_model": "Creality Ender-3 V2",
    "printer_notes": "",
    "printer_settings_id": "Vyper_V1",
    "printer_structure": "corexy",
    "printer_technology": "FFF",
    "printer_variant": "0.4",
    "printhost_authorization_type": "key",
    "printhost_ssl_ignore_revoke": "0",
    "printing_by_object_gcode": "",
    "purge_in_prime_tower": "1",
    "retract_before_wipe": [
        "70%"
    ],
    "retract_length_toolchange": [
        "2"
    ],
    "retract_lift_above": [
        "0"
    ],
    "retract_lift_below": [
        "0"
    ],
    "retract_lift_enforce": [
        "All Surfaces"
    ],
    "retract_restart_extra": [
        "0"
    ],
    "retract_restart_extra_toolchange": [
        "0"
    ],
    "retract_when_changing_layer": [
        "0"
    ],
    "retraction_distances_when_cut": [
        "18"
    ],
    "retraction_length": [
        "3"
    ],
    "retraction_minimum_travel": [
        "2"
    ],
    "retraction_speed": [
        "40"
    ],
    "scan_first_layer": "0",
    "silent_mode": "0",
    "single_extruder_multi_material": "1",
    "support_air_filtration": "0",
    "support_chamber_temp_control": "0",
    "support_multi_bed_types": "1",
    "template_custom_gcode": "",
    "thumbnails": "48x48/PNG,300x300/PNG",
    "thumbnails_format": "PNG",
    "time_cost": "0",
    "time_lapse_gcode": "",
    "upward_compatible_machine": [],
    "use_firmware_retraction": "1",
    "use_relative_e_distances": "1",
    "version": "1.5.1.2",
    "wipe": [
        "0"
    ],
    "wipe_distance": [
        "1"
    ],
    "z_hop": [
        "0.4"
    ],
    "z_hop_types": [
        "Normal Lift"
    ],
    "z_offset": "0"
}
